Campaign,Ad Group,Keyword,Match Type,Final URL
WeedEater | Fall Cleanup | Search | 2026,Fall Cleanup,fall cleanup near me,Phrase,https://www.weedeaterlawncare.com/fall-cleanup
WeedEater | Fall Cleanup | Search | 2026,Fall Cleanup,fall yard cleanup,Phrase,https://www.weedeaterlawncare.com/fall-cleanup
WeedEater | Fall Cleanup | Search | 2026,Fall Cleanup,fall cleanup service,Phrase,https://www.weedeaterlawncare.com/fall-cleanup
WeedEater | Fall Cleanup | Search | 2026,Leaf Removal,leaf cleanup near me,Phrase,https://www.weedeaterlawncare.com/fall-cleanup
WeedEater | Fall Cleanup | Search | 2026,Leaf Removal,leaf removal near me,Phrase,https://www.weedeaterlawncare.com/fall-cleanup
WeedEater | Fall Cleanup | Search | 2026,Leaf Removal,leaf cleanup service,Phrase,https://www.weedeaterlawncare.com/fall-cleanup
WeedEater | Fall Cleanup | Search | 2026,Leaf Removal,leaf removal service,Phrase,https://www.weedeaterlawncare.com/fall-cleanup
WeedEater | Fall Cleanup | Search | 2026,Local,fall cleanup smithfield ri,Exact,https://www.weedeaterlawncare.com/fall-cleanup
WeedEater | Fall Cleanup | Search | 2026,Local,leaf cleanup smithfield ri,Exact,https://www.weedeaterlawncare.com/fall-cleanup
WeedEater | Fall Cleanup | Search | 2026,Local,fall cleanup greenville ri,Exact,https://www.weedeaterlawncare.com/fall-cleanup
WeedEater | Fall Cleanup | Search | 2026,Local,leaf removal greenville ri,Exact,https://www.weedeaterlawncare.com/fall-cleanup
WeedEater | Fall Cleanup | Search | 2026,Local,fall cleanup johnston ri,Exact,https://www.weedeaterlawncare.com/fall-cleanup
